Ano,Produtos,Serviços,Total,Serviços (%),Produtos (%),Evolução Serviços (%),Evolução Produtos (%),Evolução Total (%),Qtd Produtos,Qtd Serviços,Total Itens
2019,74548.97,106805.0,181353.97,58.89311383698962,41.10688616301038,,,,1685,506,2191
2020,275662.83,405686.0,681348.8300000001,59.541600739227796,40.4583992607722,279.83802256448666,269.7741632111081,275.7010833564879,5886,1514,7400
2021,650427.63,493300.01,1143727.6400000001,43.13089871641119,56.869101283588805,21.596508136834892,135.9504290077846,67.86227401315124,7575,1577,9152
2022,548266.43,586894.5,1135160.9300000002,51.70143584839552,48.298564151604474,18.973137665251617,-15.706774326299755,-0.749016610283193,7698,1753,9451
2023,433845.74,441103.18,874948.9199999999,50.414735068191185,49.58526493180882,-24.84114606628619,-20.86954147457105,-22.922918074708598,7370,1407,8777
2024,510713.16,377364.99,888078.1499999999,42.4923178213539,57.5076821786461,-14.44972353180496,17.717684631408392,1.5005710276206674,7492,1192,8684
2025,248343.85,187000.0,435343.85,42.95455190190467,57.04544809809534,-50.44585349584232,-51.373124984678284,-50.9791058365753,3792,529,4321
