Ano,Faturamento em Produtos,Faturamento em Serviços,Total,Faturamento em Serviços (%),Faturamento em Produtos (%),Evolução Faturamento em Serviços (%),Evolução Faturamento em Produtos (%),Qtd Produtos,Qtd Serviços,Total Itens,Qtd Vendas,Ticket Médio Anual,Evolução Ticket Médio (%)
2019,74548.97,106805.0,181353.97,58.89311383698962,41.10688616301038,,,1685,506,2191,1582,114.63588495575222,
2020,275662.83,405686.0,681348.8300000001,59.541600739227796,40.4583992607722,279.83802256448666,269.7741632111081,5886,1514,7400,5376,126.73899367559525,10.557870883549825
2021,650427.63,493300.01,1143727.6400000001,43.13089871641119,56.869101283588805,21.596508136834892,135.9504290077846,7575,1577,9152,6507,175.76880897495008,38.685659304549105
2022,548266.43,586894.5,1135160.9300000002,51.70143584839552,48.298564151604474,18.973137665251617,-15.706774326299755,7698,1753,9451,6378,177.98070398243965,1.2584115579942212
2023,433845.74,441103.18,874948.9199999999,50.414735068191185,49.58526493180882,-24.84114606628619,-20.86954147457105,7370,1407,8777,6041,144.83511339182255,-18.623137142938482
2024,510713.16,377364.99,888078.1499999999,42.4923178213539,57.5076821786461,-14.44972353180496,17.717684631408392,7492,1192,8684,5755,154.31418766290182,6.544734939679664
2025,248343.85,187000.0,435343.85,42.95455190190467,57.04544809809534,-50.44585349584232,-51.373124984678284,3792,529,4321,2694,161.597568671121,4.71983886804348
